product_id,need_slug
pdf-dermocosmetica-006,piel-sensible
pdf-dermocosmetica-007,piel-sensible
pdf-dermocosmetica-008,piel-sensible
pdf-dermocosmetica-009,piel-sensible
pdf-dermocosmetica-010,piel-sensible
pdf-dermocosmetica-012,piel-sensible
pdf-dermocosmetica-014,piel-sensible
pdf-dermocosmetica-016,piel-sensible
pdf-dermocosmetica-017,piel-sensible
pdf-dermocosmetica-019,piel-sensible
pdf-dermocosmetica-021,piel-sensible
pdf-dermocosmetica-023,piel-sensible
pdf-dermocosmetica-025,piel-sensible
pdf-dermocosmetica-027,piel-sensible
pdf-dermocosmetica-029,piel-sensible
pdf-dermocosmetica-032,piel-sensible
pdf-dermocosmetica-033,piel-sensible
pdf-dermocosmetica-035,piel-sensible
pdf-dermocosmetica-038,piel-sensible
pdf-dermocosmetica-039,piel-sensible
pdf-dermocosmetica-040,piel-sensible
pdf-dermocosmetica-041,piel-sensible
pdf-dermocosmetica-043,piel-sensible
pdf-dermocosmetica-045,piel-sensible
pdf-dermocosmetica-047,piel-sensible
pdf-dermocosmetica-049,piel-sensible
pdf-dermocosmetica-052,piel-sensible
pdf-dermocosmetica-059,piel-sensible
pdf-dermocosmetica-061,piel-sensible
pdf-dermocosmetica-063,piel-sensible
pdf-dermocosmetica-065,piel-sensible
pdf-dermocosmetica-067,piel-sensible
pdf-dermocosmetica-069,piel-sensible
pdf-dermocosmetica-071,piel-sensible
pdf-dermocosmetica-073,piel-sensible
pdf-dermocosmetica-075,piel-sensible
pdf-dermocosmetica-077,piel-sensible
pdf-dermocosmetica-078,piel-sensible
pdf-dermocosmetica-080,piel-sensible
pdf-dermocosmetica-083,piel-sensible
pdf-dermocosmetica-084,piel-sensible
pdf-dermocosmetica-085,piel-sensible
pdf-dermocosmetica-087,cuidado-del-bebe
pdf-dermocosmetica-088,cuidado-del-bebe
pdf-dermocosmetica-090,piel-sensible
pdf-dermocosmetica-092,piel-sensible
pdf-dermocosmetica-094,piel-sensible
pdf-dermocosmetica-096,piel-sensible
pdf-dermocosmetica-098,piel-sensible
pdf-dermocosmetica-100,piel-sensible
pdf-dermocosmetica-102,piel-sensible
pdf-dermocosmetica-103,piel-sensible
pdf-dermocosmetica-105,piel-sensible
pdf-dermocosmetica-107,piel-sensible
pdf-dermocosmetica-109,piel-sensible
pdf-dermocosmetica-123,higiene-intima
pdf-dermocosmetica-125,higiene-intima
pdf-dermocosmetica-127,higiene-intima
pdf-dermocosmetica-130,caida-del-cabello
pdf-dermocosmetica-132,caida-del-cabello
pdf-dermocosmetica-134,caida-del-cabello
pdf-dermocosmetica-136,caida-del-cabello
pdf-dermocosmetica-138,caida-del-cabello
pdf-dermocosmetica-140,caida-del-cabello
pdf-dermocosmetica-142,caida-del-cabello
pdf-dermocosmetica-144,caida-del-cabello
pdf-dermocosmetica-146,caida-del-cabello
pdf-dermocosmetica-148,caida-del-cabello
pdf-dermocosmetica-151,proteccion-solar
pdf-dermocosmetica-153,proteccion-solar
pdf-dermocosmetica-154,proteccion-solar
pdf-dermocosmetica-155,proteccion-solar
pdf-dermocosmetica-156,proteccion-solar
pdf-dermocosmetica-158,proteccion-solar
pdf-dermocosmetica-159,proteccion-solar
pdf-dermocosmetica-161,proteccion-solar
pdf-dermocosmetica-163,proteccion-solar
pdf-dermocosmetica-164,proteccion-solar
pdf-dermocosmetica-165,proteccion-solar
pdf-dermocosmetica-167,proteccion-solar
pdf-dermocosmetica-169,proteccion-solar
pdf-salud-006,nutricion-bienestar
pdf-salud-008,nutricion-bienestar
pdf-salud-010,nutricion-bienestar
pdf-salud-013,nutricion-bienestar
pdf-salud-015,nutricion-bienestar
pdf-salud-017,nutricion-bienestar
pdf-salud-019,nutricion-bienestar
pdf-salud-022,nutricion-bienestar
pdf-salud-024,nutricion-bienestar
pdf-salud-026,nutricion-bienestar
pdf-salud-028,nutricion-bienestar
pdf-salud-030,nutricion-bienestar
pdf-salud-033,nutricion-bienestar
pdf-salud-035,nutricion-bienestar
pdf-salud-037,nutricion-bienestar
pdf-salud-039,nutricion-bienestar
pdf-salud-041,nutricion-bienestar
pdf-salud-043,nutricion-bienestar
pdf-salud-045,nutricion-bienestar
pdf-salud-047,nutricion-bienestar
pdf-salud-049,nutricion-bienestar
pdf-salud-051,nutricion-bienestar
pdf-salud-054,nutricion-bienestar
pdf-salud-056,nutricion-bienestar
pdf-salud-058,nutricion-bienestar
pdf-salud-060,nutricion-bienestar
pdf-salud-062,nutricion-bienestar
pdf-salud-064,nutricion-bienestar
pdf-salud-065,nutricion-bienestar
pdf-salud-066,nutricion-bienestar
pdf-salud-068,nutricion-bienestar
pdf-salud-070,nutricion-bienestar
pdf-salud-072,nutricion-bienestar
pdf-salud-074,nutricion-bienestar
pdf-salud-077,nutricion-bienestar
pdf-salud-079,nutricion-bienestar
pdf-salud-081,nutricion-bienestar
pdf-salud-083,nutricion-bienestar
pdf-salud-085,nutricion-bienestar
pdf-salud-087,nutricion-bienestar
pdf-salud-089,nutricion-bienestar
pdf-salud-091,nutricion-bienestar
pdf-salud-093,nutricion-bienestar
pdf-salud-095,nutricion-bienestar
pdf-salud-097,nutricion-bienestar
pdf-salud-100,nutricion-bienestar
pdf-salud-102,nutricion-bienestar
pdf-salud-104,nutricion-bienestar
pdf-salud-106,nutricion-bienestar
pdf-salud-109,nutricion-bienestar
pdf-salud-111,nutricion-bienestar
pdf-salud-113,nutricion-bienestar
pdf-salud-115,nutricion-bienestar
pdf-salud-117,nutricion-bienestar
pdf-salud-120,nutricion-bienestar
pdf-salud-122,nutricion-bienestar
pdf-salud-124,nutricion-bienestar
pdf-salud-126,nutricion-bienestar
pdf-salud-128,nutricion-bienestar
pdf-salud-130,nutricion-bienestar
pdf-salud-132,nutricion-bienestar
pdf-salud-135,nutricion-bienestar
pdf-salud-137,nutricion-bienestar
pdf-salud-139,nutricion-bienestar
pdf-salud-141,nutricion-bienestar
pdf-salud-143,nutricion-bienestar
pdf-salud-146,nutricion-bienestar
pdf-salud-148,nutricion-bienestar
pdf-salud-150,nutricion-bienestar
pdf-salud-153,nutricion-bienestar
pdf-salud-155,nutricion-bienestar
pdf-salud-157,nutricion-bienestar
pdf-salud-159,nutricion-bienestar
pdf-salud-161,nutricion-bienestar
pdf-salud-164,recuperacion-muscular
pdf-salud-166,recuperacion-muscular
pdf-salud-168,recuperacion-muscular
pdf-salud-170,recuperacion-muscular
pdf-salud-172,recuperacion-muscular
pdf-salud-174,recuperacion-muscular
pdf-salud-176,recuperacion-muscular
pdf-salud-178,recuperacion-muscular
pdf-salud-181,recuperacion-muscular
pdf-salud-183,recuperacion-muscular
pdf-salud-185,recuperacion-muscular
pdf-salud-188,recuperacion-muscular
pdf-salud-190,recuperacion-muscular
pdf-salud-192,recuperacion-muscular
pdf-salud-195,cuidado-bucodental
pdf-salud-197,cuidado-bucodental
pdf-salud-199,cuidado-bucodental
pdf-salud-201,cuidado-bucodental
pdf-salud-204,nutricion-bienestar
pdf-salud-206,nutricion-bienestar
pdf-salud-208,nutricion-bienestar
pdf-salud-210,nutricion-bienestar
pdf-salud-212,nutricion-bienestar
