product_id,slug,lifecycle_status,review_status,name,brand,category_id,size_label,size_extracted,format_label,price_cents,tax_rate,currency,stock_quantity,maximum_units_per_order,available_online,requires_special_transport,image_path,ean,source_id,source_page
pdf-dermocosmetica-006,leche-limpiadora-cara-y-ojos,draft,pending_commercial_validation,Leche Limpiadora Cara y Ojos,Marca propia Amapola,cat-facial,,400 ml en,,,21,EUR,,6,false,false,/images/catalog/leche-limpiadora-cara-y-ojos.webp,,src-dermocosmetica,6
pdf-dermocosmetica-007,leche-limpiadora-equilibrante,draft,pending_commercial_validation,Leche Limpiadora Equilibrante,Marca propia Amapola,cat-facial,,200 ml en,,,21,EUR,,6,false,false,/images/catalog/leche-limpiadora-equilibrante.webp,,src-dermocosmetica,7
pdf-dermocosmetica-008,tonico-gel-equilibrante,draft,pending_commercial_validation,Tónico Gel Equilibrante,Marca propia Amapola,cat-facial,,200 ml en,,,21,EUR,,6,false,false,/images/catalog/tonico-gel-equilibrante.webp,,src-dermocosmetica,8
pdf-dermocosmetica-009,agua-micelar,draft,pending_commercial_validation,Agua Micelar,Marca propia Amapola,cat-facial,,400 ml / 100 ml,,,21,EUR,,6,false,false,/images/catalog/agua-micelar.webp,,src-dermocosmetica,9
pdf-dermocosmetica-010,exfoliante-enzimatico-facial,draft,pending_commercial_validation,Exfoliante Enzimático Facial,Marca propia Amapola,cat-facial,,75 ml en plástico,,,21,EUR,,6,false,false,/images/catalog/exfoliante-enzimatico-facial.webp,,src-dermocosmetica,10
pdf-dermocosmetica-012,dermolimpiador-bioma-confort,draft,pending_commercial_validation,Dermolimpiador Bioma Confort,Marca propia Amapola,cat-facial,,200 ml,,,21,EUR,,6,false,false,/images/catalog/dermolimpiador-bioma-confort.webp,,src-dermocosmetica,12
pdf-dermocosmetica-014,tonico-bioma-confort,draft,pending_commercial_validation,Tónico Bioma Confort,Marca propia Amapola,cat-facial,,100 ml de plástico,,,21,EUR,,6,false,false,/images/catalog/tonico-bioma-confort.webp,,src-dermocosmetica,14
pdf-dermocosmetica-016,serum-bioma-confort,draft,pending_commercial_validation,Sérum Bioma Confort,Marca propia Amapola,cat-facial,,airless de 50ml,,,21,EUR,,6,false,false,/images/catalog/serum-bioma-confort.webp,,src-dermocosmetica,16
pdf-dermocosmetica-017,fluido-bioma-confort,draft,pending_commercial_validation,Fluido Bioma Confort,Marca propia Amapola,cat-facial,,airless de 50 ml,,,21,EUR,,6,false,false,/images/catalog/fluido-bioma-confort.webp,,src-dermocosmetica,17
pdf-dermocosmetica-019,crema-anti-rojeces-bioma-confort,draft,pending_commercial_validation,Crema Anti-rojeces Bioma Confort,Marca propia Amapola,cat-facial,,50 ml,,,21,EUR,,6,false,false,/images/catalog/crema-anti-rojeces-bioma-confort.webp,,src-dermocosmetica,19
pdf-dermocosmetica-021,gel-dermolimpiador-bioma-control,draft,pending_commercial_validation,Gel Dermolimpiador Bioma Control,Marca propia Amapola,cat-facial,,400ml en,,,21,EUR,,6,false,false,/images/catalog/gel-dermolimpiador-bioma-control.webp,,src-dermocosmetica,21
pdf-dermocosmetica-023,tonico-bioma-control,draft,pending_commercial_validation,Tónico Bioma Control,Marca propia Amapola,cat-facial,,150ml de plástico,,,21,EUR,,6,false,false,/images/catalog/tonico-bioma-control.webp,,src-dermocosmetica,23
pdf-dermocosmetica-025,stop-granos-bioma-control,draft,pending_commercial_validation,Stop-granos Bioma Control,Marca propia Amapola,cat-facial,,airless 30 ml,,,21,EUR,,6,false,false,/images/catalog/stop-granos-bioma-control.webp,,src-dermocosmetica,25
pdf-dermocosmetica-027,fluido-matificante-bioma-control,draft,pending_commercial_validation,Fluido Matificante Bioma Control,Marca propia Amapola,cat-facial,,airless 50 ml,,,21,EUR,,6,false,false,/images/catalog/fluido-matificante-bioma-control.webp,,src-dermocosmetica,27
pdf-dermocosmetica-029,mascarilla-bioma-control,draft,pending_commercial_validation,Mascarilla Bioma Control,Marca propia Amapola,cat-facial,,75ml en plástico,,,21,EUR,,6,false,false,/images/catalog/mascarilla-bioma-control.webp,,src-dermocosmetica,29
pdf-dermocosmetica-032,cremas-hidratantes-chrono-1,draft,pending_commercial_validation,Cremas Hidratantes Chrono 1,Marca propia Amapola,cat-facial,,50 ml,,,21,EUR,,6,false,false,/images/catalog/cremas-hidratantes-chrono-1.webp,,src-dermocosmetica,32
pdf-dermocosmetica-033,cremas-reafirmantes-chrono-2,draft,pending_commercial_validation,Cremas Reafirmantes Chrono 2,Marca propia Amapola,cat-facial,,50 ml,,,21,EUR,,6,false,false,/images/catalog/cremas-reafirmantes-chrono-2.webp,,src-dermocosmetica,33
pdf-dermocosmetica-035,cremas-redensificantes-chrono-3,draft,pending_commercial_validation,Cremas Redensificantes Chrono 3,Marca propia Amapola,cat-facial,,50 ml,,,21,EUR,,6,false,false,/images/catalog/cremas-redensificantes-chrono-3.webp,,src-dermocosmetica,35
pdf-dermocosmetica-038,oleogel-limpiador-osmotico,draft,pending_commercial_validation,Oleogel Limpiador Osmótico,Marca propia Amapola,cat-facial,,125 ml,,,21,EUR,,6,false,false,/images/catalog/oleogel-limpiador-osmotico.webp,,src-dermocosmetica,38
pdf-dermocosmetica-039,mousse-osmotica-renovadora,draft,pending_commercial_validation,Mousse Osmótica Renovadora,Marca propia Amapola,cat-facial,,150 ml,,,21,EUR,,6,false,false,/images/catalog/mousse-osmotica-renovadora.webp,,src-dermocosmetica,39
pdf-dermocosmetica-040,contorno-de-ojos-osmotico,draft,pending_commercial_validation,Contorno de Ojos Osmótico,Marca propia Amapola,cat-facial,,15 ml,,,21,EUR,,6,false,false,/images/catalog/contorno-de-ojos-osmotico.webp,,src-dermocosmetica,40
pdf-dermocosmetica-041,serum-osmotico,draft,pending_commercial_validation,Sérum Osmótico,Marca propia Amapola,cat-facial,,vidrio,,,21,EUR,,6,false,false,/images/catalog/serum-osmotico.webp,,src-dermocosmetica,41
pdf-dermocosmetica-043,cremas-osmoticas-faciales-fluido-crema-crema-noche,draft,pending_commercial_validation,"Cremas Osmóticas Faciales: Fluido, Crema, Crema Noche",Marca propia Amapola,cat-facial,,50 ml,,,21,EUR,,6,false,false,/images/catalog/cremas-osmoticas-faciales-fluido-crema-crema-noche.webp,,src-dermocosmetica,43
pdf-dermocosmetica-045,crema-osmotica-corporal,draft,pending_commercial_validation,Crema Osmótica Corporal,Marca propia Amapola,cat-facial,,200 ml en plástico,,,21,EUR,,6,false,false,/images/catalog/crema-osmotica-corporal.webp,,src-dermocosmetica,45
pdf-dermocosmetica-047,crema-contorno-de-ojos-y-labios,draft,pending_commercial_validation,Crema Contorno de Ojos y Labios,Marca propia Amapola,cat-facial,,25 ml,,,21,EUR,,6,false,false,/images/catalog/crema-contorno-de-ojos-y-labios.webp,,src-dermocosmetica,47
pdf-dermocosmetica-049,gel-crema-bolsas-y-ojeras,draft,pending_commercial_validation,Gel Crema Bolsas y Ojeras,Marca propia Amapola,cat-facial,,25 ml,,,21,EUR,,6,false,false,/images/catalog/gel-crema-bolsas-y-ojeras.webp,,src-dermocosmetica,49
pdf-dermocosmetica-052,activo-concentrado,draft,pending_commercial_validation,Activo Concentrado,Marca propia Amapola,cat-facial,,vidrio,,,21,EUR,,6,false,false,/images/catalog/activo-concentrado.webp,,src-dermocosmetica,52
pdf-dermocosmetica-059,serum-flash,draft,pending_commercial_validation,Sérum Flash,Marca propia Amapola,cat-facial,,vidrio con,,,21,EUR,,6,false,false,/images/catalog/serum-flash.webp,,src-dermocosmetica,59
pdf-dermocosmetica-061,gel-hyaluronic-40,draft,pending_commercial_validation,Gel Hyaluronic 40%,Marca propia Amapola,cat-facial,,con dosificador,,,21,EUR,,6,false,false,/images/catalog/gel-hyaluronic-40.webp,,src-dermocosmetica,61
pdf-dermocosmetica-063,serum-lifting,draft,pending_commercial_validation,Sérum Lifting,Marca propia Amapola,cat-facial,,50ml,,,21,EUR,,6,false,false,/images/catalog/serum-lifting.webp,,src-dermocosmetica,63
pdf-dermocosmetica-065,serum-redensificante,draft,pending_commercial_validation,Sérum Redensificante,Marca propia Amapola,cat-facial,,50 ml,,,21,EUR,,6,false,false,/images/catalog/serum-redensificante.webp,,src-dermocosmetica,65
pdf-dermocosmetica-067,serum-noche-retinol-0-3-puro,draft,pending_commercial_validation,"Sérum Noche Retinol 0,3% Puro",Marca propia Amapola,cat-facial,,airless de 30 ml,,,21,EUR,,6,false,false,/images/catalog/serum-noche-retinol-0-3-puro.webp,,src-dermocosmetica,67
pdf-dermocosmetica-069,fluido-proteccion-spf-50,draft,pending_commercial_validation,Fluido Protección SPF 50,Marca propia Amapola,cat-facial,,con dosificador de,,,21,EUR,,6,false,false,/images/catalog/fluido-proteccion-spf-50.webp,,src-dermocosmetica,69
pdf-dermocosmetica-071,gel-renovador-noche,draft,pending_commercial_validation,Gel Renovador Noche,Marca propia Amapola,cat-facial,,30 ml,,,21,EUR,,6,false,false,/images/catalog/gel-renovador-noche.webp,,src-dermocosmetica,71
pdf-dermocosmetica-073,fluido-antimanchas-global,draft,pending_commercial_validation,Fluido Antimanchas Global,Marca propia Amapola,cat-facial,,plástico con,,,21,EUR,,6,false,false,/images/catalog/fluido-antimanchas-global.webp,,src-dermocosmetica,73
pdf-dermocosmetica-075,despigmentante-intensivo-global,draft,pending_commercial_validation,Despigmentante Intensivo Global,Marca propia Amapola,cat-facial,,airless de 30 ml,,,21,EUR,,6,false,false,/images/catalog/despigmentante-intensivo-global.webp,,src-dermocosmetica,75
pdf-dermocosmetica-077,mascarilla-hidratante-facial-noche,draft,pending_commercial_validation,Mascarilla Hidratante Facial Noche,Marca propia Amapola,cat-facial,,airless de 50 ml,,,21,EUR,,6,false,false,/images/catalog/mascarilla-hidratante-facial-noche.webp,,src-dermocosmetica,77
pdf-dermocosmetica-078,mascarilla-facial-de-tejido-hidratante-antiedad,draft,pending_commercial_validation,Mascarilla Facial de Tejido Hidratante Antiedad,Marca propia Amapola,cat-facial,,15ml),,,21,EUR,,6,false,false,/images/catalog/mascarilla-facial-de-tejido-hidratante-antiedad.webp,,src-dermocosmetica,78
pdf-dermocosmetica-080,serum-sos-repair,draft,pending_commercial_validation,Sérum SOS Repair,Marca propia Amapola,cat-facial,,airless de 50 ml,,,21,EUR,,6,false,false,/images/catalog/serum-sos-repair.webp,,src-dermocosmetica,80
pdf-dermocosmetica-083,crema-de-afeitar,draft,pending_commercial_validation,Crema de Afeitar,Marca propia Amapola,cat-facial,,150 ml,,,21,EUR,,6,false,false,/images/catalog/crema-de-afeitar.webp,,src-dermocosmetica,83
pdf-dermocosmetica-084,gel-men-total,draft,pending_commercial_validation,Gel Men Total,Marca propia Amapola,cat-facial,,airless de 50 ml,,,21,EUR,,6,false,false,/images/catalog/gel-men-total.webp,,src-dermocosmetica,84
pdf-dermocosmetica-085,crema-men-hidratante,draft,pending_commercial_validation,Crema Men Hidratante,Marca propia Amapola,cat-facial,,airless de 50 ml,,,21,EUR,,6,false,false,/images/catalog/crema-men-hidratante.webp,,src-dermocosmetica,85
pdf-dermocosmetica-087,baby-pasta,draft,pending_commercial_validation,Baby Pasta,Marca propia Amapola,cat-infantil,,100 ml,,,21,EUR,,6,false,false,/images/catalog/baby-pasta.webp,,src-dermocosmetica,87
pdf-dermocosmetica-088,baby-gel-de-bano,draft,pending_commercial_validation,Baby Gel de Baño,Marca propia Amapola,cat-infantil,,400 ml,,,21,EUR,,6,false,false,/images/catalog/baby-gel-de-bano.webp,,src-dermocosmetica,88
pdf-dermocosmetica-090,gel-anticelulitico-drenante-global,draft,pending_commercial_validation,Gel Anticelulítico Drenante Global,Marca propia Amapola,cat-corporal,,300 ml en,,,21,EUR,,6,false,false,/images/catalog/gel-anticelulitico-drenante-global.webp,,src-dermocosmetica,90
pdf-dermocosmetica-092,crema-remodeladora-corporal,draft,pending_commercial_validation,Crema Remodeladora Corporal,Marca propia Amapola,cat-corporal,,250 ml en plástico,,,21,EUR,,6,false,false,/images/catalog/crema-remodeladora-corporal.webp,,src-dermocosmetica,92
pdf-dermocosmetica-094,tratamiento-noche-liporeductor-intensivo,draft,pending_commercial_validation,Tratamiento Noche Liporeductor Intensivo,Marca propia Amapola,cat-corporal,,250 ml en,,,21,EUR,,6,false,false,/images/catalog/tratamiento-noche-liporeductor-intensivo.webp,,src-dermocosmetica,94
pdf-dermocosmetica-096,locion-corporal-hidratante,draft,pending_commercial_validation,Loción Corporal Hidratante,Marca propia Amapola,cat-corporal,,400 ml en,,,21,EUR,,6,false,false,/images/catalog/locion-corporal-hidratante.webp,,src-dermocosmetica,96
pdf-dermocosmetica-098,leche-corporal-hidratante-fuerte,draft,pending_commercial_validation,Leche Corporal Hidratante Fuerte,Marca propia Amapola,cat-corporal,,400 ml en,,,21,EUR,,6,false,false,/images/catalog/leche-corporal-hidratante-fuerte.webp,,src-dermocosmetica,98
pdf-dermocosmetica-100,crema-antiestrias,draft,pending_commercial_validation,Crema Antiestrías,Marca propia Amapola,cat-corporal,,250 ml en plástico,,,21,EUR,,6,false,false,/images/catalog/crema-antiestrias.webp,,src-dermocosmetica,100
pdf-dermocosmetica-102,aceite-corporal-reafirmante-nutritivo,draft,pending_commercial_validation,Aceite Corporal Reafirmante Nutritivo,Marca propia Amapola,cat-corporal,,spray de 100 ml,,,21,EUR,,6,false,false,/images/catalog/aceite-corporal-reafirmante-nutritivo.webp,,src-dermocosmetica,102
pdf-dermocosmetica-103,protector-labios,draft,pending_commercial_validation,Protector Labios,Marca propia Amapola,cat-corporal,,"4,5 ml",,,21,EUR,,6,false,false,/images/catalog/protector-labios.webp,,src-dermocosmetica,103
pdf-dermocosmetica-105,reparador-labios,draft,pending_commercial_validation,Reparador Labios,Marca propia Amapola,cat-corporal,,10 ml,,,21,EUR,,6,false,false,/images/catalog/reparador-labios.webp,,src-dermocosmetica,105
pdf-dermocosmetica-107,crema-nutritiva-de-manos,draft,pending_commercial_validation,Crema Nutritiva de Manos,Marca propia Amapola,cat-corporal,,75 ml,,,21,EUR,,6,false,false,/images/catalog/crema-nutritiva-de-manos.webp,,src-dermocosmetica,107
pdf-dermocosmetica-109,crema-antiedad-manos-y-unas,draft,pending_commercial_validation,Crema Antiedad Manos y Uñas,Marca propia Amapola,cat-corporal,,75 ml,,,21,EUR,,6,false,false,/images/catalog/crema-antiedad-manos-y-unas.webp,,src-dermocosmetica,109
pdf-dermocosmetica-112,deo-roll-on-piel-sensible,draft,pending_commercial_validation,Deo Roll-on Piel Sensible,Marca propia Amapola,cat-higiene,,50 ml,,,21,EUR,,6,false,false,/images/catalog/deo-roll-on-piel-sensible.webp,,src-dermocosmetica,112
pdf-dermocosmetica-114,deo-crema-antitranspirante,draft,pending_commercial_validation,Deo Crema Antitranspirante,Marca propia Amapola,cat-higiene,,airless de 50 ml,,,21,EUR,,6,false,false,/images/catalog/deo-crema-antitranspirante.webp,,src-dermocosmetica,114
pdf-dermocosmetica-116,deo-roll-on-antitranspirante,draft,pending_commercial_validation,Deo Roll-on Antitranspirante,Marca propia Amapola,cat-higiene,,50 ml,,,21,EUR,,6,false,false,/images/catalog/deo-roll-on-antitranspirante.webp,,src-dermocosmetica,116
pdf-dermocosmetica-118,deo-spray-bioactivo-antimicrobiano,draft,pending_commercial_validation,Deo Spray Bioactivo Antimicrobiano,Marca propia Amapola,cat-higiene,,100 ml,,,21,EUR,,6,false,false,/images/catalog/deo-spray-bioactivo-antimicrobiano.webp,,src-dermocosmetica,118
pdf-dermocosmetica-121,gel-bano-hidratante,draft,pending_commercial_validation,Gel Baño Hidratante,Marca propia Amapola,cat-higiene,,con dosificador,,,21,EUR,,6,false,false,/images/catalog/gel-bano-hidratante.webp,,src-dermocosmetica,121
pdf-dermocosmetica-123,gel-intimo-activo-ph-4-5,draft,pending_commercial_validation,Gel Íntimo Activo PH 4.5,Marca propia Amapola,cat-higiene,,con dosificador,,,21,EUR,,6,false,false,/images/catalog/gel-intimo-activo-ph-4-5.webp,,src-dermocosmetica,123
pdf-dermocosmetica-125,gel-intimo-fisiologico-ph-5-5,draft,pending_commercial_validation,Gel Íntimo Fisiológico PH 5.5,Marca propia Amapola,cat-higiene,,con dosificador,,,21,EUR,,6,false,false,/images/catalog/gel-intimo-fisiologico-ph-5-5.webp,,src-dermocosmetica,125
pdf-dermocosmetica-127,gel-intimo-calmante-ph-6-5,draft,pending_commercial_validation,Gel Íntimo Calmante PH 6.5,Marca propia Amapola,cat-higiene,,con dosificador,,,21,EUR,,6,false,false,/images/catalog/gel-intimo-calmante-ph-6-5.webp,,src-dermocosmetica,127
pdf-dermocosmetica-130,champu-dermocompatible,draft,pending_commercial_validation,Champú Dermocompatible,Marca propia Amapola,cat-higiene,,400 ml,,,21,EUR,,6,false,false,/images/catalog/champu-dermocompatible.webp,,src-dermocosmetica,130
pdf-dermocosmetica-132,champu-suave,draft,pending_commercial_validation,Champú Suave,Marca propia Amapola,cat-higiene,,400 ml,,,21,EUR,,6,false,false,/images/catalog/champu-suave.webp,,src-dermocosmetica,132
pdf-dermocosmetica-134,champu-sebocorrector,draft,pending_commercial_validation,Champú Sebocorrector,Marca propia Amapola,cat-higiene,,400 ml,,,21,EUR,,6,false,false,/images/catalog/champu-sebocorrector.webp,,src-dermocosmetica,134
pdf-dermocosmetica-136,champu-anticaspa,draft,pending_commercial_validation,Champú Anticaspa,Marca propia Amapola,cat-higiene,,400 ml,,,21,EUR,,6,false,false,/images/catalog/champu-anticaspa.webp,,src-dermocosmetica,136
pdf-dermocosmetica-138,champu-anticaida,draft,pending_commercial_validation,Champú Anticaída,Marca propia Amapola,cat-higiene,,400 ml,,,21,EUR,,6,false,false,/images/catalog/champu-anticaida.webp,,src-dermocosmetica,138
pdf-dermocosmetica-140,ampollas-anticaida,draft,pending_commercial_validation,Ampollas Anticaída,Marca propia Amapola,cat-higiene,,10 ml,,,21,EUR,,6,false,false,/images/catalog/ampollas-anticaida.webp,,src-dermocosmetica,140
pdf-dermocosmetica-142,acondicionador-reparador,draft,pending_commercial_validation,Acondicionador Reparador,Marca propia Amapola,cat-higiene,,200 ml,,,21,EUR,,6,false,false,/images/catalog/acondicionador-reparador.webp,,src-dermocosmetica,142
pdf-dermocosmetica-144,mascarilla-capilar-reparadora,draft,pending_commercial_validation,Mascarilla Capilar Reparadora,Marca propia Amapola,cat-higiene,,200 ml,,,21,EUR,,6,false,false,/images/catalog/mascarilla-capilar-reparadora.webp,,src-dermocosmetica,144
pdf-dermocosmetica-146,champu-redensificante,draft,pending_commercial_validation,Champú Redensificante,Marca propia Amapola,cat-higiene,,190 ml de,,,21,EUR,,6,false,false,/images/catalog/champu-redensificante.webp,,src-dermocosmetica,146
pdf-dermocosmetica-148,acondicionador-redensificante,draft,pending_commercial_validation,Acondicionador Redensificante,Marca propia Amapola,cat-higiene,,190 ml de,,,21,EUR,,6,false,false,/images/catalog/acondicionador-redensificante.webp,,src-dermocosmetica,148
pdf-dermocosmetica-151,crema-facial-spf-50,draft,pending_commercial_validation,Crema Facial SPF 50+,Marca propia Amapola,cat-solar,,airless de 50 ml,,,21,EUR,,6,false,false,/images/catalog/crema-facial-spf-50.webp,,src-dermocosmetica,151
pdf-dermocosmetica-153,fluido-facial-spf-50-dore-light-dore-y-bronze,draft,pending_commercial_validation,"Fluido Facial SPF 50 Doré Light, Doré y Bronze",Marca propia Amapola,cat-solar,,50 ml,,,21,EUR,,6,false,false,/images/catalog/fluido-facial-spf-50-dore-light-dore-y-bronze.webp,,src-dermocosmetica,153
pdf-dermocosmetica-154,fluido-facial-spf-50,draft,pending_commercial_validation,Fluido Facial SPF 50,Marca propia Amapola,cat-solar,,50 ml,,,21,EUR,,6,false,false,/images/catalog/fluido-facial-spf-50.webp,,src-dermocosmetica,154
pdf-dermocosmetica-155,stick-labial-spf-50,draft,pending_commercial_validation,Stick Labial SPF 50+,Marca propia Amapola,cat-solar,,"4,5 ml",,,21,EUR,,6,false,false,/images/catalog/stick-labial-spf-50.webp,,src-dermocosmetica,155
pdf-dermocosmetica-156,stick-zonas-sensibles-spf-50,draft,pending_commercial_validation,Stick Zonas Sensibles SPF 50+,Marca propia Amapola,cat-solar,,12 ml,,,21,EUR,,6,false,false,/images/catalog/stick-zonas-sensibles-spf-50.webp,,src-dermocosmetica,156
pdf-dermocosmetica-158,stick-invisible-spf-50,draft,pending_commercial_validation,Stick Invisible SPF 50+,Marca propia Amapola,cat-solar,,10 ml,,,21,EUR,,6,false,false,/images/catalog/stick-invisible-spf-50.webp,,src-dermocosmetica,158
pdf-dermocosmetica-159,spray-solar-baby-spf-50,draft,pending_commercial_validation,Spray Solar Baby SPF 50+,Marca propia Amapola,cat-solar,,200 ml,,,21,EUR,,6,false,false,/images/catalog/spray-solar-baby-spf-50.webp,,src-dermocosmetica,159
pdf-dermocosmetica-161,leche-solar-baby-spf-50,draft,pending_commercial_validation,Leche Solar Baby SPF 50+,Marca propia Amapola,cat-solar,,250 ml,,,21,EUR,,6,false,false,/images/catalog/leche-solar-baby-spf-50.webp,,src-dermocosmetica,161
pdf-dermocosmetica-163,spray-cuerpo-transparente-spf-50,draft,pending_commercial_validation,Spray Cuerpo Transparente SPF 50,Marca propia Amapola,cat-solar,,spray de 200ml con,,,21,EUR,,6,false,false,/images/catalog/spray-cuerpo-transparente-spf-50.webp,,src-dermocosmetica,163
pdf-dermocosmetica-164,spray-solar-cuerpo-spf-50,draft,pending_commercial_validation,Spray Solar Cuerpo SPF 50+,Marca propia Amapola,cat-solar,,200 ml,,,21,EUR,,6,false,false,/images/catalog/spray-solar-cuerpo-spf-50.webp,,src-dermocosmetica,164
pdf-dermocosmetica-165,aceite-solar-seco-spf-30,draft,pending_commercial_validation,Aceite Solar Seco SPF 30,Marca propia Amapola,cat-solar,,150 ml,,,21,EUR,,6,false,false,/images/catalog/aceite-solar-seco-spf-30.webp,,src-dermocosmetica,165
pdf-dermocosmetica-167,leche-corporal-after-sun,draft,pending_commercial_validation,Leche Corporal After Sun,Marca propia Amapola,cat-solar,,250 ml / 400 ml,,,21,EUR,,6,false,false,/images/catalog/leche-corporal-after-sun.webp,,src-dermocosmetica,167
pdf-dermocosmetica-169,crema-ultra-bronceadora,draft,pending_commercial_validation,Crema Ultra Bronceadora,Marca propia Amapola,cat-solar,,250 ml,,,21,EUR,,6,false,false,/images/catalog/crema-ultra-bronceadora.webp,,src-dermocosmetica,169
pdf-salud-006,immuno-fluid,draft,pending_commercial_validation,Immuno Fluid,Marca propia Amapola,cat-nutricion,,200ml,,,21,EUR,,6,false,false,/images/catalog/immuno-fluid.webp,,src-salud-bienestar,6
pdf-salud-008,dha-junior,draft,pending_commercial_validation,DHA Junior,Marca propia Amapola,cat-nutricion,,Formato pendiente,,,21,EUR,,6,false,false,/images/catalog/dha-junior.webp,,src-salud-bienestar,8
pdf-salud-010,immuno-complex,draft,pending_commercial_validation,Immuno Complex,Marca propia Amapola,cat-nutricion,,30 comprimidos,,,21,EUR,,6,false,false,/images/catalog/immuno-complex.webp,,src-salud-bienestar,10
pdf-salud-013,eubarriera,draft,pending_commercial_validation,Eubarriera,Marca propia Amapola,cat-nutricion,,1 g -,,,21,EUR,,6,false,false,/images/catalog/eubarriera.webp,,src-salud-bienestar,13
pdf-salud-015,bifi-bioma,draft,pending_commercial_validation,Bifi Bioma,Marca propia Amapola,cat-nutricion,,30 cápsulas vegetales,,,21,EUR,,6,false,false,/images/catalog/bifi-bioma.webp,,src-salud-bienestar,15
pdf-salud-017,lacto-bioma,draft,pending_commercial_validation,Lacto Bioma,Marca propia Amapola,cat-nutricion,,30 cápsulas vegetales,,,21,EUR,,6,false,false,/images/catalog/lacto-bioma.webp,,src-salud-bienestar,17
pdf-salud-019,nutri-bioma,draft,pending_commercial_validation,Nutri Bioma,Marca propia Amapola,cat-nutricion,,2g,,,21,EUR,,6,false,false,/images/catalog/nutri-bioma.webp,,src-salud-bienestar,19
pdf-salud-022,flora-fast,draft,pending_commercial_validation,Flora Fast,Marca propia Amapola,cat-nutricion,,"1,2g",,,21,EUR,,6,false,false,/images/catalog/flora-fast.webp,,src-salud-bienestar,22
pdf-salud-024,flora-tab,draft,pending_commercial_validation,Flora Tab,Marca propia Amapola,cat-nutricion,,24 cápsulas vegetales,,,21,EUR,,6,false,false,/images/catalog/flora-tab.webp,,src-salud-bienestar,24
pdf-salud-026,flora-fluid,draft,pending_commercial_validation,Flora Fluid,Marca propia Amapola,cat-nutricion,,10 ml,,,21,EUR,,6,false,false,/images/catalog/flora-fluid.webp,,src-salud-bienestar,26
pdf-salud-028,flora-fluid-junior,draft,pending_commercial_validation,Flora Fluid Junior,Marca propia Amapola,cat-nutricion,,"al día según necesidad, preferentemente por la mañana después del",,,21,EUR,,6,false,false,/images/catalog/flora-fluid-junior.webp,,src-salud-bienestar,28
pdf-salud-030,flora-gotas-baby,draft,pending_commercial_validation,Flora Gotas Baby,Marca propia Amapola,cat-nutricion,,"5,4 ml",,,21,EUR,,6,false,false,/images/catalog/flora-gotas-baby.webp,,src-salud-bienestar,30
pdf-salud-033,epato-fluid,draft,pending_commercial_validation,Epato Fluid,Marca propia Amapola,cat-nutricion,,200 ml,,,21,EUR,,6,false,false,/images/catalog/epato-fluid.webp,,src-salud-bienestar,33
pdf-salud-035,epato-tab,draft,pending_commercial_validation,Epato Tab,Marca propia Amapola,cat-nutricion,,30 comprimidos recubiertos,,,21,EUR,,6,false,false,/images/catalog/epato-tab.webp,,src-salud-bienestar,35
pdf-salud-037,enzitasi,draft,pending_commercial_validation,Enzitasi,Marca propia Amapola,cat-nutricion,,30 comprimidos recubiertos,,,21,EUR,,6,false,false,/images/catalog/enzitasi.webp,,src-salud-bienestar,37
pdf-salud-039,coli-tab-digest,draft,pending_commercial_validation,Coli Tab Digest,Marca propia Amapola,cat-nutricion,,30 cápsulas vegetales,,,21,EUR,,6,false,false,/images/catalog/coli-tab-digest.webp,,src-salud-bienestar,39
pdf-salud-041,inmedia-lax,draft,pending_commercial_validation,Inmedia Lax,Marca propia Amapola,cat-nutricion,,9g,,,21,EUR,,6,false,false,/images/catalog/inmedia-lax.webp,,src-salud-bienestar,41
pdf-salud-043,lax-fluid-fibra,draft,pending_commercial_validation,Lax Fluid Fibra,Marca propia Amapola,cat-nutricion,,300 ml,,,21,EUR,,6,false,false,/images/catalog/lax-fluid-fibra.webp,,src-salud-bienestar,43
pdf-salud-045,lax-tab-plus,draft,pending_commercial_validation,Lax Tab Plus,Marca propia Amapola,cat-nutricion,,50 comprimidos,,,21,EUR,,6,false,false,/images/catalog/lax-tab-plus.webp,,src-salud-bienestar,45
pdf-salud-047,plantago-regula,draft,pending_commercial_validation,Plantago Regula,Marca propia Amapola,cat-nutricion,,"4,2 g",,,21,EUR,,6,false,false,/images/catalog/plantago-regula.webp,,src-salud-bienestar,47
pdf-salud-049,reflux-control,draft,pending_commercial_validation,Reflux Control,Marca propia Amapola,cat-nutricion,,24 comprimidos masticables,,,21,EUR,,6,false,false,/images/catalog/reflux-control.webp,,src-salud-bienestar,49
pdf-salud-051,reflux-control-stick,draft,pending_commercial_validation,Reflux Control Stick,Marca propia Amapola,cat-nutricion,,15 ml después de las comidas principales,,,21,EUR,,6,false,false,/images/catalog/reflux-control-stick.webp,,src-salud-bienestar,51
pdf-salud-054,jarabe-tuss-control,draft,pending_commercial_validation,Jarabe Tuss Control,Marca propia Amapola,cat-nutricion,,150 ml,,,21,EUR,,6,false,false,/images/catalog/jarabe-tuss-control.webp,,src-salud-bienestar,54
pdf-salud-056,jarabe-propoleo-y-drosera,draft,pending_commercial_validation,Jarabe Propóleo y Drosera,Marca propia Amapola,cat-nutricion,,150 ml,,,21,EUR,,6,false,false,/images/catalog/jarabe-propoleo-y-drosera.webp,,src-salud-bienestar,56
pdf-salud-058,jarabe-altea-flu-tos-junior,draft,pending_commercial_validation,Jarabe Altea Flu Tos Junior,Marca propia Amapola,cat-nutricion,,150 ml contiene,,,21,EUR,,6,false,false,/images/catalog/jarabe-altea-flu-tos-junior.webp,,src-salud-bienestar,58
pdf-salud-060,golatab-junior,draft,pending_commercial_validation,Golatab Junior,Marca propia Amapola,cat-nutricion,,4 comprimidos al día disolviéndolos lentamente e,,,21,EUR,,6,false,false,/images/catalog/golatab-junior.webp,,src-salud-bienestar,60
pdf-salud-062,gola-plus,draft,pending_commercial_validation,Gola Plus,Marca propia Amapola,cat-nutricion,,20 cápsulas masticables,,,21,EUR,,6,false,false,/images/catalog/gola-plus.webp,,src-salud-bienestar,62
pdf-salud-064,pastillas-oral-flu-garganta,draft,pending_commercial_validation,Pastillas Oral Flu Garganta,Marca propia Amapola,cat-nutricion,,Formato pendiente,,,21,EUR,,6,false,false,/images/catalog/pastillas-oral-flu-garganta.webp,,src-salud-bienestar,64
pdf-salud-065,spray-oral,draft,pending_commercial_validation,Spray Oral,Marca propia Amapola,cat-nutricion,,spray de 30 ml,,,21,EUR,,6,false,false,/images/catalog/spray-oral.webp,,src-salud-bienestar,65
pdf-salud-066,spray-oral-flu-garganta,draft,pending_commercial_validation,Spray Oral Flu Garganta,Marca propia Amapola,cat-nutricion,,spray de 20 ml,,,21,EUR,,6,false,false,/images/catalog/spray-oral-flu-garganta.webp,,src-salud-bienestar,66
pdf-salud-068,nac-300-complex,draft,pending_commercial_validation,NAC 300 Complex,Marca propia Amapola,cat-nutricion,,3 g,,,21,EUR,,6,false,false,/images/catalog/nac-300-complex.webp,,src-salud-bienestar,68
pdf-salud-070,flu-c-500,draft,pending_commercial_validation,Flu C 500,Marca propia Amapola,cat-nutricion,,20 comprimidos,,,21,EUR,,6,false,false,/images/catalog/flu-c-500.webp,,src-salud-bienestar,70
pdf-salud-072,spray-muco-flu,draft,pending_commercial_validation,Spray Muco Flu,Marca propia Amapola,cat-nutricion,,30 ml,,,21,EUR,,6,false,false,/images/catalog/spray-muco-flu.webp,,src-salud-bienestar,72
pdf-salud-074,spray-nasal-hipertonico,draft,pending_commercial_validation,Spray Nasal Hipertónico,Marca propia Amapola,cat-nutricion,,spray 100 ml,,,21,EUR,,6,false,false,/images/catalog/spray-nasal-hipertonico.webp,,src-salud-bienestar,74
pdf-salud-077,multivit,draft,pending_commercial_validation,Multivit,Marca propia Amapola,cat-nutricion,,150 ml),,,21,EUR,,6,false,false,/images/catalog/multivit.webp,,src-salud-bienestar,77
pdf-salud-079,multivit-cap,draft,pending_commercial_validation,Multivit Cap,Marca propia Amapola,cat-nutricion,,30 cápsulas,,,21,EUR,,6,false,false,/images/catalog/multivit-cap.webp,,src-salud-bienestar,79
pdf-salud-081,vitamina-d3,draft,pending_commercial_validation,Vitamina D3,Marca propia Amapola,cat-nutricion,,60 comprimidos masticables,,,21,EUR,,6,false,false,/images/catalog/vitamina-d3.webp,,src-salud-bienestar,81
pdf-salud-083,vit-c-500-masticable,draft,pending_commercial_validation,Vit C 500 Masticable,Marca propia Amapola,cat-nutricion,,20 comprimidos masticables,,,21,EUR,,6,false,false,/images/catalog/vit-c-500-masticable.webp,,src-salud-bienestar,83
pdf-salud-085,vit-c-500-complex,draft,pending_commercial_validation,Vit C 500 Complex,Marca propia Amapola,cat-nutricion,,"4,7g/100g",,,21,EUR,,6,false,false,/images/catalog/vit-c-500-complex.webp,,src-salud-bienestar,85
pdf-salud-087,vit-c-1000,draft,pending_commercial_validation,Vit C 1000,Marca propia Amapola,cat-nutricion,,150 ml),,,21,EUR,,6,false,false,/images/catalog/vit-c-1000.webp,,src-salud-bienestar,87
pdf-salud-089,b-ultra,draft,pending_commercial_validation,B Ultra,Marca propia Amapola,cat-nutricion,,30 cápsulas vegetales,,,21,EUR,,6,false,false,/images/catalog/b-ultra.webp,,src-salud-bienestar,89
pdf-salud-091,sol-cap,draft,pending_commercial_validation,Sol Cap,Marca propia Amapola,cat-nutricion,,30 cápsulas,,,21,EUR,,6,false,false,/images/catalog/sol-cap.webp,,src-salud-bienestar,91
pdf-salud-093,magnesium,draft,pending_commercial_validation,Magnesium,Marca propia Amapola,cat-nutricion,,4 g,,,21,EUR,,6,false,false,/images/catalog/magnesium.webp,,src-salud-bienestar,93
pdf-salud-095,magnesium-cap,draft,pending_commercial_validation,Magnesium Cap,Marca propia Amapola,cat-nutricion,,3 cápsulas) 30 cápsulas,,,21,EUR,,6,false,false,/images/catalog/magnesium-cap.webp,,src-salud-bienestar,95
pdf-salud-097,ferrum-cap,draft,pending_commercial_validation,Ferrum Cap,Marca propia Amapola,cat-nutricion,,30 cápsulas vegetales,,,21,EUR,,6,false,false,/images/catalog/ferrum-cap.webp,,src-salud-bienestar,97
pdf-salud-100,cole-tab-plus,draft,pending_commercial_validation,Cole Tab Plus,Marca propia Amapola,cat-nutricion,,30 comprimidos recubiertos,,,21,EUR,,6,false,false,/images/catalog/cole-tab-plus.webp,,src-salud-bienestar,100
pdf-salud-102,omega-3,draft,pending_commercial_validation,Omega 3,Marca propia Amapola,cat-nutricion,,2 g,,,21,EUR,,6,false,false,/images/catalog/omega-3.webp,,src-salud-bienestar,102
pdf-salud-104,ven-cap-drena,draft,pending_commercial_validation,Ven Cap Drena,Marca propia Amapola,cat-nutricion,,30 comprimidos recubiertos,,,21,EUR,,6,false,false,/images/catalog/ven-cap-drena.webp,,src-salud-bienestar,104
pdf-salud-106,ven-cap-plus,draft,pending_commercial_validation,Ven Cap Plus,Marca propia Amapola,cat-nutricion,,30 cápsulas,,,21,EUR,,6,false,false,/images/catalog/ven-cap-plus.webp,,src-salud-bienestar,106
pdf-salud-109,drena-fluid,draft,pending_commercial_validation,Drena Fluid,Marca propia Amapola,cat-nutricion,,300 ml,,,21,EUR,,6,false,false,/images/catalog/drena-fluid.webp,,src-salud-bienestar,109
pdf-salud-111,sazio-pep-500,draft,pending_commercial_validation,Sazio Pep 500,Marca propia Amapola,cat-nutricion,,30 comprimidos,,,21,EUR,,6,false,false,/images/catalog/sazio-pep-500.webp,,src-salud-bienestar,111
pdf-salud-113,lipo-active,draft,pending_commercial_validation,Lipo Active,Marca propia Amapola,cat-nutricion,,2 g INDICACIONES:,,,21,EUR,,6,false,false,/images/catalog/lipo-active.webp,,src-salud-bienestar,113
pdf-salud-115,collagen-body-revolution,draft,pending_commercial_validation,Collagen Body Revolution,Marca propia Amapola,cat-nutricion,,CONTENIDO MEDIO,,,21,EUR,,6,false,false,/images/catalog/collagen-body-revolution.webp,,src-salud-bienestar,115
pdf-salud-117,linea-tab,draft,pending_commercial_validation,Linea Tab,Marca propia Amapola,cat-nutricion,,30 comprimidos recubiertos,,,21,EUR,,6,false,false,/images/catalog/linea-tab.webp,,src-salud-bienestar,117
pdf-salud-120,melatonina-complex,draft,pending_commercial_validation,Melatonina Complex,Marca propia Amapola,cat-nutricion,,40 comprimidos recubiertos,,,21,EUR,,6,false,false,/images/catalog/melatonina-complex.webp,,src-salud-bienestar,120
pdf-salud-122,spray-melatonina-fast,draft,pending_commercial_validation,Spray Melatonina Fast,Marca propia Amapola,cat-nutricion,,spray de 10 ml,,,21,EUR,,6,false,false,/images/catalog/spray-melatonina-fast.webp,,src-salud-bienestar,122
pdf-salud-124,valero-natur,draft,pending_commercial_validation,Valero Natur,Marca propia Amapola,cat-nutricion,,30 comprimidos recubiertos,,,21,EUR,,6,false,false,/images/catalog/valero-natur.webp,,src-salud-bienestar,124
pdf-salud-126,rhodiola,draft,pending_commercial_validation,Rhodiola,Marca propia Amapola,cat-nutricion,,2 comprimidos,,,21,EUR,,6,false,false,/images/catalog/rhodiola.webp,,src-salud-bienestar,126
pdf-salud-128,stress-tab,draft,pending_commercial_validation,Stress Tab,Marca propia Amapola,cat-nutricion,,30 comprimidos recubiertos,,,21,EUR,,6,false,false,/images/catalog/stress-tab.webp,,src-salud-bienestar,128
pdf-salud-130,relax-cap,draft,pending_commercial_validation,Relax Cap,Marca propia Amapola,cat-nutricion,,14 cápsulas vegetales,,,21,EUR,,6,false,false,/images/catalog/relax-cap.webp,,src-salud-bienestar,130
pdf-salud-132,sedo-relax,draft,pending_commercial_validation,Sedo Relax,Marca propia Amapola,cat-nutricion,,50 ml,,,21,EUR,,6,false,false,/images/catalog/sedo-relax.webp,,src-salud-bienestar,132
pdf-salud-135,hyalu-skin,draft,pending_commercial_validation,Hyalu Skin,Marca propia Amapola,cat-nutricion,,2 cápsulas,,,21,EUR,,6,false,false,/images/catalog/hyalu-skin.webp,,src-salud-bienestar,135
pdf-salud-137,collagen-age-formula,draft,pending_commercial_validation,Collagen Age Formula,Marca propia Amapola,cat-nutricion,,% VRN*,,,21,EUR,,6,false,false,/images/catalog/collagen-age-formula.webp,,src-salud-bienestar,137
pdf-salud-139,coenzima-q10,draft,pending_commercial_validation,Coenzima Q10,Marca propia Amapola,cat-nutricion,,% VRN**,,,21,EUR,,6,false,false,/images/catalog/coenzima-q10.webp,,src-salud-bienestar,139
pdf-salud-141,chroma-skin,draft,pending_commercial_validation,Chroma Skin,Marca propia Amapola,cat-nutricion,,30 comprimidos recubiertos,,,21,EUR,,6,false,false,/images/catalog/chroma-skin.webp,,src-salud-bienestar,141
pdf-salud-143,hair-formula-anticaida,draft,pending_commercial_validation,Hair Formula Anticaída,Marca propia Amapola,cat-nutricion,,100 g con tecnología softgel,,,21,EUR,,6,false,false,/images/catalog/hair-formula-anticaida.webp,,src-salud-bienestar,143
pdf-salud-146,vit-d3-k2,draft,pending_commercial_validation,Vit D3+k2,Marca propia Amapola,cat-nutricion,,60 cápsulas,,,21,EUR,,6,false,false,/images/catalog/vit-d3-k2.webp,,src-salud-bienestar,146
pdf-salud-148,nutriflex-complex,draft,pending_commercial_validation,Nutriflex Complex,Marca propia Amapola,cat-nutricion,,5 g CARTÍLAGO Y MÚSCULOS,,,21,EUR,,6,false,false,/images/catalog/nutriflex-complex.webp,,src-salud-bienestar,148
pdf-salud-150,boswellia-fast,draft,pending_commercial_validation,Boswellia Fast,Marca propia Amapola,cat-nutricion,,12 sticks bucodispersables,,,21,EUR,,6,false,false,/images/catalog/boswellia-fast.webp,,src-salud-bienestar,150
pdf-salud-153,gyno-solve-gel-vaginal,draft,pending_commercial_validation,Gyno Solve Gel Vaginal,Marca propia Amapola,cat-salud,,40ml,,,21,EUR,,6,false,false,/images/catalog/gyno-solve-gel-vaginal.webp,,src-salud-bienestar,153
pdf-salud-155,ura-tab-formula-potenciada,draft,pending_commercial_validation,Ura Tab Fórmula Potenciada,Marca propia Amapola,cat-salud,,20 comprimidos bicapa,,,21,EUR,,6,false,false,/images/catalog/ura-tab-formula-potenciada.webp,,src-salud-bienestar,155
pdf-salud-157,ura-tab-prev,draft,pending_commercial_validation,Ura Tab Prev,Marca propia Amapola,cat-salud,,"150ml), preferiblemente",,,21,EUR,,6,false,false,/images/catalog/ura-tab-prev.webp,,src-salud-bienestar,157
pdf-salud-159,gyno-bioma,draft,pending_commercial_validation,Gyno Bioma,Marca propia Amapola,cat-salud,,2 cápsulas*,,,21,EUR,,6,false,false,/images/catalog/gyno-bioma.webp,,src-salud-bienestar,159
pdf-salud-161,feminic-menopausia,draft,pending_commercial_validation,Feminic Menopausia,Marca propia Amapola,cat-salud,,30 comprimidos ranurados,,,21,EUR,,6,false,false,/images/catalog/feminic-menopausia.webp,,src-salud-bienestar,161
pdf-salud-164,crema-arnica-forte,draft,pending_commercial_validation,Crema Árnica Forte,Marca propia Amapola,cat-salud,,100 ml,,,21,EUR,,6,false,false,/images/catalog/crema-arnica-forte.webp,,src-salud-bienestar,164
pdf-salud-166,gel-arnica,draft,pending_commercial_validation,Gel Árnica,Marca propia Amapola,cat-salud,,100 ml,,,21,EUR,,6,false,false,/images/catalog/gel-arnica.webp,,src-salud-bienestar,166
pdf-salud-168,termo-crema-arnica,draft,pending_commercial_validation,Termo Crema Árnica,Marca propia Amapola,cat-salud,,100 ml,,,21,EUR,,6,false,false,/images/catalog/termo-crema-arnica.webp,,src-salud-bienestar,168
pdf-salud-170,gel-piernas-ginkgo-biloba,draft,pending_commercial_validation,Gel Piernas Ginkgo Biloba,Marca propia Amapola,cat-salud,,100 ml,,,21,EUR,,6,false,false,/images/catalog/gel-piernas-ginkgo-biloba.webp,,src-salud-bienestar,170
pdf-salud-172,procto-crema,draft,pending_commercial_validation,Procto Crema,Marca propia Amapola,cat-salud,,de 30ml,,,21,EUR,,6,false,false,/images/catalog/procto-crema.webp,,src-salud-bienestar,172
pdf-salud-174,eupilen,draft,pending_commercial_validation,Eupilen,Marca propia Amapola,cat-salud,,50 ml,,,21,EUR,,6,false,false,/images/catalog/eupilen.webp,,src-salud-bienestar,174
pdf-salud-176,crema-pies-manteca-de-karite,draft,pending_commercial_validation,Crema Pies Manteca de Karité,Marca propia Amapola,cat-salud,,100 ml,,,21,EUR,,6,false,false,/images/catalog/crema-pies-manteca-de-karite.webp,,src-salud-bienestar,176
pdf-salud-178,crema-talones-urea-10,draft,pending_commercial_validation,Crema Talones Urea 10%,Marca propia Amapola,cat-salud,,100 ml,,,21,EUR,,6,false,false,/images/catalog/crema-talones-urea-10.webp,,src-salud-bienestar,178
pdf-salud-181,repelente-insectos,draft,pending_commercial_validation,Repelente Insectos,Marca propia Amapola,cat-salud,,100 ml,,,21,EUR,,6,false,false,/images/catalog/repelente-insectos.webp,,src-salud-bienestar,181
pdf-salud-183,stick-post-picaduras,draft,pending_commercial_validation,Stick Post Picaduras,Marca propia Amapola,cat-salud,,"durante la aplicación,",,,21,EUR,,6,false,false,/images/catalog/stick-post-picaduras.webp,,src-salud-bienestar,183
pdf-salud-185,crema-post-picaduras,draft,pending_commercial_validation,Crema Post Picaduras,Marca propia Amapola,cat-salud,,15ml con aplicador,,,21,EUR,,6,false,false,/images/catalog/crema-post-picaduras.webp,,src-salud-bienestar,185
pdf-salud-188,eye-drops-0-2,draft,pending_commercial_validation,Eye Drops 0.2%,Marca propia Amapola,cat-salud,,aluminio,,,21,EUR,,6,false,false,/images/catalog/eye-drops-0-2.webp,,src-salud-bienestar,188
pdf-salud-190,eye-drops-0-2-2,draft,pending_commercial_validation,Eye Drops 0.2%,Marca propia Amapola,cat-salud,,10ml,,,21,EUR,,6,false,false,/images/catalog/eye-drops-0-2-2.webp,,src-salud-bienestar,190
pdf-salud-192,toallitas-oculares,draft,pending_commercial_validation,Toallitas Oculares,Marca propia Amapola,cat-salud,,24 toallitas biodegradables,,,21,EUR,,6,false,false,/images/catalog/toallitas-oculares.webp,,src-salud-bienestar,192
pdf-salud-195,colutorio-repair,draft,pending_commercial_validation,Colutorio Repair,Marca propia Amapola,cat-bucal,,150 ml,,,21,EUR,,6,false,false,/images/catalog/colutorio-repair.webp,,src-salud-bienestar,195
pdf-salud-197,colutorio-clorhexidina-0-2,draft,pending_commercial_validation,"Colutorio Clorhexidina 0,2%",Marca propia Amapola,cat-bucal,,200 ml,,,21,EUR,,6,false,false,/images/catalog/colutorio-clorhexidina-0-2.webp,,src-salud-bienestar,197
pdf-salud-199,dentifrico-repair,draft,pending_commercial_validation,Dentífrico Repair,Marca propia Amapola,cat-bucal,,100 ml,,,21,EUR,,6,false,false,/images/catalog/dentifrico-repair.webp,,src-salud-bienestar,199
pdf-salud-201,gel-afta-repair,draft,pending_commercial_validation,Gel Afta Repair,Marca propia Amapola,cat-bucal,,15 ml,,,21,EUR,,6,false,false,/images/catalog/gel-afta-repair.webp,,src-salud-bienestar,201
pdf-salud-204,proteina-whey-vitality,draft,pending_commercial_validation,Proteína Whey Vitality,Marca propia Amapola,cat-nutricion,,300 g,,,21,EUR,,6,false,false,/images/catalog/proteina-whey-vitality.webp,,src-salud-bienestar,204
pdf-salud-206,proteina-vegan-vitality,draft,pending_commercial_validation,Proteína Vegan Vitality,Marca propia Amapola,cat-nutricion,,260 g,,,21,EUR,,6,false,false,/images/catalog/proteina-vegan-vitality.webp,,src-salud-bienestar,206
pdf-salud-208,aminoacidos-esenciales-bcaa,draft,pending_commercial_validation,Aminoácidos Esenciales BCAA,Marca propia Amapola,cat-nutricion,,100 comprimidos,,,21,EUR,,6,false,false,/images/catalog/aminoacidos-esenciales-bcaa.webp,,src-salud-bienestar,208
pdf-salud-210,activador-hmb,draft,pending_commercial_validation,Activador HMB,Marca propia Amapola,cat-nutricion,,100 comprimidos,,,21,EUR,,6,false,false,/images/catalog/activador-hmb.webp,,src-salud-bienestar,210
pdf-salud-212,formula-balance,draft,pending_commercial_validation,Fórmula Balance,Marca propia Amapola,cat-nutricion,,20 comprimidos,,,21,EUR,,6,false,false,/images/catalog/formula-balance.webp,,src-salud-bienestar,212
